Ticker,Symbol,Name,Market,Index,ConstituentSource,NameSource,CollectedAt
018880,018880.KS,한온시스템,KOSPI,KOSPI200,https://kr.investing.com/indices/kospi-200-components,KRX finder_stkisu,2026-06-03T11:31:47Z
011780,011780.KS,금호석유화학,KOSPI,KOSPI200,https://kr.investing.com/indices/kospi-200-components,KRX finder_stkisu,2026-06-03T11:31:47Z
066570,066570.KS,LG전자,KOSPI,KOSPI200,https://kr.investing.com/indices/kospi-200-components,KRX finder_stkisu,2026-06-03T11:31:47Z
009150,009150.KS,삼성전기,KOSPI,KOSPI200,https://kr.investing.com/indices/kospi-200-components,KRX finder_stkisu,2026-06-03T11:31:47Z
009420,009420.KS,한올바이오파마,KOSPI,KOSPI200,https://kr.investing.com/indices/kospi-200-components,KRX finder_stkisu,2026-06-03T11:31:47Z
030000,030000.KS,제일기획,KOSPI,KOSPI200,https://kr.investing.com/indices/kospi-200-components,KRX finder_stkisu,2026-06-03T11:31:47Z
069620,069620.KS,대웅제약,KOSPI,KOSPI200,https://kr.investing.com/indices/kospi-200-components,KRX finder_stkisu,2026-06-03T11:31:47Z
012450,012450.KS,한화에어로스페이스,KOSPI,KOSPI200,https://kr.investing.com/indices/kospi-200-components,KRX finder_stkisu,2026-06-03T11:31:47Z
003030,003030.KS,세아제강지주,KOSPI,KOSPI200,https://kr.investing.com/indices/kospi-200-components,KRX finder_stkisu,2026-06-03T11:31:47Z
000240,000240.KS,한국앤컴퍼니,KOSPI,KOSPI200,https://kr.investing.com/indices/kospi-200-components,KRX finder_stkisu,2026-06-03T11:31:47Z
004000,004000.KS,롯데정밀화학,KOSPI,KOSPI200,https://kr.investing.com/indices/kospi-200-components,KRX finder_stkisu,2026-06-03T11:31:47Z
011200,011200.KS,HMM,KOSPI,KOSPI200,https://kr.investing.com/indices/kospi-200-components,KRX finder_stkisu,2026-06-03T11:31:47Z
010140,010140.KS,삼성중공업,KOSPI,KOSPI200,https://kr.investing.com/indices/kospi-200-components,KRX finder_stkisu,2026-06-03T11:31:47Z
001440,001440.KS,대한전선,KOSPI,KOSPI200,https://kr.investing.com/indices/kospi-200-components,KRX finder_stkisu,2026-06-03T11:31:47Z
000810,000810.KS,삼성화재,KOSPI,KOSPI200,https://kr.investing.com/indices/kospi-200-components,KRX finder_stkisu,2026-06-03T11:31:47Z
000720,000720.KS,현대건설,KOSPI,KOSPI200,https://kr.investing.com/indices/kospi-200-components,KRX finder_stkisu,2026-06-03T11:31:47Z
069960,069960.KS,현대백화점,KOSPI,KOSPI200,https://kr.investing.com/indices/kospi-200-components,KRX finder_stkisu,2026-06-03T11:31:47Z
011170,011170.KS,롯데케미칼,KOSPI,KOSPI200,https://kr.investing.com/indices/kospi-200-components,KRX finder_stkisu,2026-06-03T11:31:47Z
097950,097950.KS,CJ제일제당,KOSPI,KOSPI200,https://kr.investing.com/indices/kospi-200-components,KRX finder_stkisu,2026-06-03T11:31:47Z
000120,000120.KS,CJ대한통운,KOSPI,KOSPI200,https://kr.investing.com/indices/kospi-200-components,KRX finder_stkisu,2026-06-03T11:31:47Z
086790,086790.KS,하나금융지주,KOSPI,KOSPI200,https://kr.investing.com/indices/kospi-200-components,KRX finder_stkisu,2026-06-03T11:31:47Z
086280,086280.KS,현대글로비스,KOSPI,KOSPI200,https://kr.investing.com/indices/kospi-200-components,KRX finder_stkisu,2026-06-03T11:31:47Z
010130,010130.KS,고려아연,KOSPI,KOSPI200,https://kr.investing.com/indices/kospi-200-components,KRX finder_stkisu,2026-06-03T11:31:47Z
023530,023530.KS,롯데쇼핑,KOSPI,KOSPI200,https://kr.investing.com/indices/kospi-200-components,KRX finder_stkisu,2026-06-03T11:31:47Z
004490,004490.KS,세방전지,KOSPI,KOSPI200,https://kr.investing.com/indices/kospi-200-components,KRX finder_stkisu,2026-06-03T11:31:47Z
005300,005300.KS,롯데칠성,KOSPI,KOSPI200,https://kr.investing.com/indices/kospi-200-components,KRX finder_stkisu,2026-06-03T11:31:47Z
082740,082740.KS,한화엔진,KOSPI,KOSPI200,https://kr.investing.com/indices/kospi-200-components,KRX finder_stkisu,2026-06-03T11:31:47Z
012330,012330.KS,현대모비스,KOSPI,KOSPI200,https://kr.investing.com/indices/kospi-200-components,KRX finder_stkisu,2026-06-03T11:31:47Z
005380,005380.KS,현대차,KOSPI,KOSPI200,https://kr.investing.com/indices/kospi-200-components,KRX finder_stkisu,2026-06-03T11:31:47Z
004020,004020.KS,현대제철,KOSPI,KOSPI200,https://kr.investing.com/indices/kospi-200-components,KRX finder_stkisu,2026-06-03T11:31:47Z
096770,096770.KS,SK이노베이션,KOSPI,KOSPI200,https://kr.investing.com/indices/kospi-200-components,KRX finder_stkisu,2026-06-03T11:31:47Z
028670,028670.KS,팬오션,KOSPI,KOSPI200,https://kr.investing.com/indices/kospi-200-components,KRX finder_stkisu,2026-06-03T11:31:47Z
016360,016360.KS,삼성증권,KOSPI,KOSPI200,https://kr.investing.com/indices/kospi-200-components,KRX finder_stkisu,2026-06-03T11:31:47Z
105560,105560.KS,KB금융,KOSPI,KOSPI200,https://kr.investing.com/indices/kospi-200-components,KRX finder_stkisu,2026-06-03T11:31:47Z
138930,138930.KS,BNK금융지주,KOSPI,KOSPI200,https://kr.investing.com/indices/kospi-200-components,KRX finder_stkisu,2026-06-03T11:31:47Z
017800,017800.KS,현대엘리베이터,KOSPI,KOSPI200,https://kr.investing.com/indices/kospi-200-components,KRX finder_stkisu,2026-06-03T11:31:47Z
090430,090430.KS,아모레퍼시픽,KOSPI,KOSPI200,https://kr.investing.com/indices/kospi-200-components,KRX finder_stkisu,2026-06-03T11:31:47Z
035250,035250.KS,강원랜드,KOSPI,KOSPI200,https://kr.investing.com/indices/kospi-200-components,KRX finder_stkisu,2026-06-03T11:31:47Z
051910,051910.KS,LG화학,KOSPI,KOSPI200,https://kr.investing.com/indices/kospi-200-components,KRX finder_stkisu,2026-06-03T11:31:47Z
029780,029780.KS,삼성카드,KOSPI,KOSPI200,https://kr.investing.com/indices/kospi-200-components,KRX finder_stkisu,2026-06-03T11:31:47Z
032830,032830.KS,삼성생명,KOSPI,KOSPI200,https://kr.investing.com/indices/kospi-200-components,KRX finder_stkisu,2026-06-03T11:31:47Z
000660,000660.KS,SK하이닉스,KOSPI,KOSPI200,https://kr.investing.com/indices/kospi-200-components,KRX finder_stkisu,2026-06-03T11:31:47Z
003240,003240.KS,태광산업,KOSPI,KOSPI200,https://kr.investing.com/indices/kospi-200-components,KRX finder_stkisu,2026-06-03T11:31:47Z
005930,005930.KS,삼성전자,KOSPI,KOSPI200,https://kr.investing.com/indices/kospi-200-components,KRX finder_stkisu,2026-06-03T11:31:47Z
028050,028050.KS,삼성E&A,KOSPI,KOSPI200,https://kr.investing.com/indices/kospi-200-components,KRX finder_stkisu,2026-06-03T11:31:47Z
042660,042660.KS,한화오션,KOSPI,KOSPI200,https://kr.investing.com/indices/kospi-200-components,KRX finder_stkisu,2026-06-03T11:31:47Z
128940,128940.KS,한미약품,KOSPI,KOSPI200,https://kr.investing.com/indices/kospi-200-components,KRX finder_stkisu,2026-06-03T11:31:47Z
006800,006800.KS,미래에셋증권,KOSPI,KOSPI200,https://kr.investing.com/indices/kospi-200-components,KRX finder_stkisu,2026-06-03T11:31:47Z
002790,002790.KS,아모레퍼시픽홀딩스,KOSPI,KOSPI200,https://kr.investing.com/indices/kospi-200-components,KRX finder_stkisu,2026-06-03T11:31:47Z
007340,007340.KS,DN오토모티브,KOSPI,KOSPI200,https://kr.investing.com/indices/kospi-200-components,KRX finder_stkisu,2026-06-03T11:31:47Z
088350,088350.KS,한화생명,KOSPI,KOSPI200,https://kr.investing.com/indices/kospi-200-components,KRX finder_stkisu,2026-06-03T11:31:47Z
011210,011210.KS,현대위아,KOSPI,KOSPI200,https://kr.investing.com/indices/kospi-200-components,KRX finder_stkisu,2026-06-03T11:31:47Z
036570,036570.KS,NC,KOSPI,KOSPI200,https://kr.investing.com/indices/kospi-200-components,KRX finder_stkisu,2026-06-03T11:31:47Z
006400,006400.KS,삼성SDI,KOSPI,KOSPI200,https://kr.investing.com/indices/kospi-200-components,KRX finder_stkisu,2026-06-03T11:31:47Z
001430,001430.KS,세아베스틸지주,KOSPI,KOSPI200,https://kr.investing.com/indices/kospi-200-components,KRX finder_stkisu,2026-06-03T11:31:47Z
055550,055550.KS,신한지주,KOSPI,KOSPI200,https://kr.investing.com/indices/kospi-200-components,KRX finder_stkisu,2026-06-03T11:31:47Z
004990,004990.KS,롯데지주,KOSPI,KOSPI200,https://kr.investing.com/indices/kospi-200-components,KRX finder_stkisu,2026-06-03T11:31:47Z
005830,005830.KS,DB손해보험,KOSPI,KOSPI200,https://kr.investing.com/indices/kospi-200-components,KRX finder_stkisu,2026-06-03T11:31:47Z
000210,000210.KS,DL,KOSPI,KOSPI200,https://kr.investing.com/indices/kospi-200-components,KRX finder_stkisu,2026-06-03T11:31:47Z
009830,009830.KS,한화솔루션,KOSPI,KOSPI200,https://kr.investing.com/indices/kospi-200-components,KRX finder_stkisu,2026-06-03T11:31:47Z
000080,000080.KS,하이트진로,KOSPI,KOSPI200,https://kr.investing.com/indices/kospi-200-components,KRX finder_stkisu,2026-06-03T11:31:47Z
000270,000270.KS,기아,KOSPI,KOSPI200,https://kr.investing.com/indices/kospi-200-components,KRX finder_stkisu,2026-06-03T11:31:47Z
073240,073240.KS,금호타이어,KOSPI,KOSPI200,https://kr.investing.com/indices/kospi-200-components,KRX finder_stkisu,2026-06-03T11:31:47Z
034220,034220.KS,LG디스플레이,KOSPI,KOSPI200,https://kr.investing.com/indices/kospi-200-components,KRX finder_stkisu,2026-06-03T11:31:47Z
011070,011070.KS,LG이노텍,KOSPI,KOSPI200,https://kr.investing.com/indices/kospi-200-components,KRX finder_stkisu,2026-06-03T11:31:47Z
010060,010060.KS,OCI홀딩스,KOSPI,KOSPI200,https://kr.investing.com/indices/kospi-200-components,KRX finder_stkisu,2026-06-03T11:31:47Z
017670,017670.KS,SK텔레콤,KOSPI,KOSPI200,https://kr.investing.com/indices/kospi-200-components,KRX finder_stkisu,2026-06-03T11:31:47Z
010950,010950.KS,S-Oil,KOSPI,KOSPI200,https://kr.investing.com/indices/kospi-200-components,KRX finder_stkisu,2026-06-03T11:31:47Z
000670,000670.KS,영풍,KOSPI,KOSPI200,https://kr.investing.com/indices/kospi-200-components,KRX finder_stkisu,2026-06-03T11:31:47Z
010120,010120.KS,LS ELECTRIC,KOSPI,KOSPI200,https://kr.investing.com/indices/kospi-200-components,KRX finder_stkisu,2026-06-03T11:31:47Z
028260,028260.KS,삼성물산,KOSPI,KOSPI200,https://kr.investing.com/indices/kospi-200-components,KRX finder_stkisu,2026-06-03T11:31:47Z
033780,033780.KS,KT&G,KOSPI,KOSPI200,https://kr.investing.com/indices/kospi-200-components,KRX finder_stkisu,2026-06-03T11:31:47Z
103140,103140.KS,풍산,KOSPI,KOSPI200,https://kr.investing.com/indices/kospi-200-components,KRX finder_stkisu,2026-06-03T11:31:47Z
004170,004170.KS,신세계,KOSPI,KOSPI200,https://kr.investing.com/indices/kospi-200-components,KRX finder_stkisu,2026-06-03T11:31:47Z
120110,120110.KS,코오롱인더,KOSPI,KOSPI200,https://kr.investing.com/indices/kospi-200-components,KRX finder_stkisu,2026-06-03T11:31:47Z
052690,052690.KS,한전기술,KOSPI,KOSPI200,https://kr.investing.com/indices/kospi-200-components,KRX finder_stkisu,2026-06-03T11:31:47Z
032640,032640.KS,LG유플러스,KOSPI,KOSPI200,https://kr.investing.com/indices/kospi-200-components,KRX finder_stkisu,2026-06-03T11:31:47Z
035420,035420.KS,NAVER,KOSPI,KOSPI200,https://kr.investing.com/indices/kospi-200-components,KRX finder_stkisu,2026-06-03T11:31:47Z
004370,004370.KS,농심,KOSPI,KOSPI200,https://kr.investing.com/indices/kospi-200-components,KRX finder_stkisu,2026-06-03T11:31:47Z
012750,012750.KS,에스원,KOSPI,KOSPI200,https://kr.investing.com/indices/kospi-200-components,KRX finder_stkisu,2026-06-03T11:31:47Z
078930,078930.KS,GS,KOSPI,KOSPI200,https://kr.investing.com/indices/kospi-200-components,KRX finder_stkisu,2026-06-03T11:31:47Z
001040,001040.KS,CJ,KOSPI,KOSPI200,https://kr.investing.com/indices/kospi-200-components,KRX finder_stkisu,2026-06-03T11:31:47Z
001680,001680.KS,대상,KOSPI,KOSPI200,https://kr.investing.com/indices/kospi-200-components,KRX finder_stkisu,2026-06-03T11:31:47Z
093370,093370.KS,후성,KOSPI,KOSPI200,https://kr.investing.com/indices/kospi-200-components,KRX finder_stkisu,2026-06-03T11:31:47Z
006280,006280.KS,녹십자,KOSPI,KOSPI200,https://kr.investing.com/indices/kospi-200-components,KRX finder_stkisu,2026-06-03T11:31:47Z
069260,069260.KS,TKG휴켐스,KOSPI,KOSPI200,https://kr.investing.com/indices/kospi-200-components,KRX finder_stkisu,2026-06-03T11:31:47Z
030200,030200.KS,KT,KOSPI,KOSPI200,https://kr.investing.com/indices/kospi-200-components,KRX finder_stkisu,2026-06-03T11:31:47Z
003550,003550.KS,LG,KOSPI,KOSPI200,https://kr.investing.com/indices/kospi-200-components,KRX finder_stkisu,2026-06-03T11:31:47Z
006260,006260.KS,LS,KOSPI,KOSPI200,https://kr.investing.com/indices/kospi-200-components,KRX finder_stkisu,2026-06-03T11:31:47Z
005850,005850.KS,에스엘,KOSPI,KOSPI200,https://kr.investing.com/indices/kospi-200-components,KRX finder_stkisu,2026-06-03T11:31:47Z
003490,003490.KS,대한항공,KOSPI,KOSPI200,https://kr.investing.com/indices/kospi-200-components,KRX finder_stkisu,2026-06-03T11:31:47Z
000150,000150.KS,두산,KOSPI,KOSPI200,https://kr.investing.com/indices/kospi-200-components,KRX finder_stkisu,2026-06-03T11:31:47Z
000880,000880.KS,한화,KOSPI,KOSPI200,https://kr.investing.com/indices/kospi-200-components,KRX finder_stkisu,2026-06-03T11:31:47Z
007310,007310.KS,오뚜기,KOSPI,KOSPI200,https://kr.investing.com/indices/kospi-200-components,KRX finder_stkisu,2026-06-03T11:31:47Z
034730,034730.KS,SK,KOSPI,KOSPI200,https://kr.investing.com/indices/kospi-200-components,KRX finder_stkisu,2026-06-03T11:31:47Z
051900,051900.KS,LG생활건강,KOSPI,KOSPI200,https://kr.investing.com/indices/kospi-200-components,KRX finder_stkisu,2026-06-03T11:31:47Z
006360,006360.KS,GS건설,KOSPI,KOSPI200,https://kr.investing.com/indices/kospi-200-components,KRX finder_stkisu,2026-06-03T11:31:47Z
021240,021240.KS,코웨이,KOSPI,KOSPI200,https://kr.investing.com/indices/kospi-200-components,KRX finder_stkisu,2026-06-03T11:31:47Z
015760,015760.KS,한국전력,KOSPI,KOSPI200,https://kr.investing.com/indices/kospi-200-components,KRX finder_stkisu,2026-06-03T11:31:47Z
036460,036460.KS,한국가스공사,KOSPI,KOSPI200,https://kr.investing.com/indices/kospi-200-components,KRX finder_stkisu,2026-06-03T11:31:47Z
001800,001800.KS,오리온홀딩스,KOSPI,KOSPI200,https://kr.investing.com/indices/kospi-200-components,KRX finder_stkisu,2026-06-03T11:31:47Z
005490,005490.KS,POSCO홀딩스,KOSPI,KOSPI200,https://kr.investing.com/indices/kospi-200-components,KRX finder_stkisu,2026-06-03T11:31:47Z
000100,000100.KS,유한양행,KOSPI,KOSPI200,https://kr.investing.com/indices/kospi-200-components,KRX finder_stkisu,2026-06-03T11:31:47Z
006650,006650.KS,대한유화,KOSPI,KOSPI200,https://kr.investing.com/indices/kospi-200-components,KRX finder_stkisu,2026-06-03T11:31:47Z
047050,047050.KS,포스코인터내셔널,KOSPI,KOSPI200,https://kr.investing.com/indices/kospi-200-components,KRX finder_stkisu,2026-06-03T11:31:47Z
047040,047040.KS,대우건설,KOSPI,KOSPI200,https://kr.investing.com/indices/kospi-200-components,KRX finder_stkisu,2026-06-03T11:31:47Z
002380,002380.KS,KCC,KOSPI,KOSPI200,https://kr.investing.com/indices/kospi-200-components,KRX finder_stkisu,2026-06-03T11:31:47Z
011790,011790.KS,SKC,KOSPI,KOSPI200,https://kr.investing.com/indices/kospi-200-components,KRX finder_stkisu,2026-06-03T11:31:47Z
071050,071050.KS,한국금융지주,KOSPI,KOSPI200,https://kr.investing.com/indices/kospi-200-components,KRX finder_stkisu,2026-06-03T11:31:47Z
009540,009540.KS,HD한국조선해양,KOSPI,KOSPI200,https://kr.investing.com/indices/kospi-200-components,KRX finder_stkisu,2026-06-03T11:31:47Z
024110,024110.KS,기업은행,KOSPI,KOSPI200,https://kr.investing.com/indices/kospi-200-components,KRX finder_stkisu,2026-06-03T11:31:47Z
034020,034020.KS,두산에너빌리티,KOSPI,KOSPI200,https://kr.investing.com/indices/kospi-200-components,KRX finder_stkisu,2026-06-03T11:31:47Z
005940,005940.KS,NH투자증권,KOSPI,KOSPI200,https://kr.investing.com/indices/kospi-200-components,KRX finder_stkisu,2026-06-03T11:31:47Z
001450,001450.KS,현대해상,KOSPI,KOSPI200,https://kr.investing.com/indices/kospi-200-components,KRX finder_stkisu,2026-06-03T11:31:47Z
002030,002030.KS,아세아,KOSPI,KOSPI200,https://kr.investing.com/indices/kospi-200-components,KRX finder_stkisu,2026-06-03T11:31:47Z
002840,002840.KS,미원상사,KOSPI,KOSPI200,https://kr.investing.com/indices/kospi-200-components,KRX finder_stkisu,2026-06-03T11:31:47Z
003090,003090.KS,대웅,KOSPI,KOSPI200,https://kr.investing.com/indices/kospi-200-components,KRX finder_stkisu,2026-06-03T11:31:47Z
003230,003230.KS,삼양식품,KOSPI,KOSPI200,https://kr.investing.com/indices/kospi-200-components,KRX finder_stkisu,2026-06-03T11:31:47Z
005250,005250.KS,녹십자홀딩스,KOSPI,KOSPI200,https://kr.investing.com/indices/kospi-200-components,KRX finder_stkisu,2026-06-03T11:31:47Z
005420,005420.KS,코스모화학,KOSPI,KOSPI200,https://kr.investing.com/indices/kospi-200-components,KRX finder_stkisu,2026-06-03T11:31:47Z
006040,006040.KS,동원산업,KOSPI,KOSPI200,https://kr.investing.com/indices/kospi-200-components,KRX finder_stkisu,2026-06-03T11:31:47Z
007070,007070.KS,GS리테일,KOSPI,KOSPI200,https://kr.investing.com/indices/kospi-200-components,KRX finder_stkisu,2026-06-03T11:31:47Z
007660,007660.KS,이수페타시스,KOSPI,KOSPI200,https://kr.investing.com/indices/kospi-200-components,KRX finder_stkisu,2026-06-03T11:31:47Z
008730,008730.KS,율촌화학,KOSPI,KOSPI200,https://kr.investing.com/indices/kospi-200-components,KRX finder_stkisu,2026-06-03T11:31:47Z
008770,008770.KS,호텔신라,KOSPI,KOSPI200,https://kr.investing.com/indices/kospi-200-components,KRX finder_stkisu,2026-06-03T11:31:47Z
008930,008930.KS,한미사이언스,KOSPI,KOSPI200,https://kr.investing.com/indices/kospi-200-components,KRX finder_stkisu,2026-06-03T11:31:47Z
009240,009240.KS,한샘,KOSPI,KOSPI200,https://kr.investing.com/indices/kospi-200-components,KRX finder_stkisu,2026-06-03T11:31:47Z
009970,009970.KS,영원무역홀딩스,KOSPI,KOSPI200,https://kr.investing.com/indices/kospi-200-components,KRX finder_stkisu,2026-06-03T11:31:47Z
014680,014680.KS,한솔케미칼,KOSPI,KOSPI200,https://kr.investing.com/indices/kospi-200-components,KRX finder_stkisu,2026-06-03T11:31:47Z
014820,014820.KS,동원시스템즈,KOSPI,KOSPI200,https://kr.investing.com/indices/kospi-200-components,KRX finder_stkisu,2026-06-03T11:31:47Z
017960,017960.KS,한국카본,KOSPI,KOSPI200,https://kr.investing.com/indices/kospi-200-components,KRX finder_stkisu,2026-06-03T11:31:47Z
039490,039490.KS,키움증권,KOSPI,KOSPI200,https://kr.investing.com/indices/kospi-200-components,KRX finder_stkisu,2026-06-03T11:31:47Z
042700,042700.KS,한미반도체,KOSPI,KOSPI200,https://kr.investing.com/indices/kospi-200-components,KRX finder_stkisu,2026-06-03T11:31:47Z
047810,047810.KS,한국항공우주,KOSPI,KOSPI200,https://kr.investing.com/indices/kospi-200-components,KRX finder_stkisu,2026-06-03T11:31:47Z
051600,051600.KS,한전KPS,KOSPI,KOSPI200,https://kr.investing.com/indices/kospi-200-components,KRX finder_stkisu,2026-06-03T11:31:47Z
071320,071320.KS,지역난방공사,KOSPI,KOSPI200,https://kr.investing.com/indices/kospi-200-components,KRX finder_stkisu,2026-06-03T11:31:47Z
071970,071970.KS,HD현대마린엔진,KOSPI,KOSPI200,https://kr.investing.com/indices/kospi-200-components,KRX finder_stkisu,2026-06-03T11:31:47Z
081660,081660.KS,미스토홀딩스,KOSPI,KOSPI200,https://kr.investing.com/indices/kospi-200-components,KRX finder_stkisu,2026-06-03T11:31:47Z
111770,111770.KS,영원무역,KOSPI,KOSPI200,https://kr.investing.com/indices/kospi-200-components,KRX finder_stkisu,2026-06-03T11:31:47Z
114090,114090.KS,GKL,KOSPI,KOSPI200,https://kr.investing.com/indices/kospi-200-components,KRX finder_stkisu,2026-06-03T11:31:47Z
138040,138040.KS,메리츠금융지주,KOSPI,KOSPI200,https://kr.investing.com/indices/kospi-200-components,KRX finder_stkisu,2026-06-03T11:31:47Z
139130,139130.KS,iM금융지주,KOSPI,KOSPI200,https://kr.investing.com/indices/kospi-200-components,KRX finder_stkisu,2026-06-03T11:31:47Z
139480,139480.KS,이마트,KOSPI,KOSPI200,https://kr.investing.com/indices/kospi-200-components,KRX finder_stkisu,2026-06-03T11:31:47Z
161390,161390.KS,한국타이어앤테크놀로지,KOSPI,KOSPI200,https://kr.investing.com/indices/kospi-200-components,KRX finder_stkisu,2026-06-03T11:31:47Z
161890,161890.KS,한국콜마,KOSPI,KOSPI200,https://kr.investing.com/indices/kospi-200-components,KRX finder_stkisu,2026-06-03T11:31:47Z
175330,175330.KS,JB금융지주,KOSPI,KOSPI200,https://kr.investing.com/indices/kospi-200-components,KRX finder_stkisu,2026-06-03T11:31:47Z
180640,180640.KS,한진칼,KOSPI,KOSPI200,https://kr.investing.com/indices/kospi-200-components,KRX finder_stkisu,2026-06-03T11:31:47Z
064350,064350.KS,현대로템,KOSPI,KOSPI200,https://kr.investing.com/indices/kospi-200-components,KRX finder_stkisu,2026-06-03T11:31:47Z
185750,185750.KS,종근당,KOSPI,KOSPI200,https://kr.investing.com/indices/kospi-200-components,KRX finder_stkisu,2026-06-03T11:31:47Z
192820,192820.KS,코스맥스,KOSPI,KOSPI200,https://kr.investing.com/indices/kospi-200-components,KRX finder_stkisu,2026-06-03T11:31:47Z
204320,204320.KS,HL만도,KOSPI,KOSPI200,https://kr.investing.com/indices/kospi-200-components,KRX finder_stkisu,2026-06-03T11:31:47Z
112610,112610.KS,씨에스윈드,KOSPI,KOSPI200,https://kr.investing.com/indices/kospi-200-components,KRX finder_stkisu,2026-06-03T11:31:47Z
018260,018260.KS,삼성에스디에스,KOSPI,KOSPI200,https://kr.investing.com/indices/kospi-200-components,KRX finder_stkisu,2026-06-03T11:31:47Z
079550,079550.KS,LIG디펜스앤에어로스페이스,KOSPI,KOSPI200,https://kr.investing.com/indices/kospi-200-components,KRX finder_stkisu,2026-06-03T11:31:47Z
003670,003670.KS,포스코퓨처엠,KOSPI,KOSPI200,https://kr.investing.com/indices/kospi-200-components,KRX finder_stkisu,2026-06-03T11:31:47Z
022100,022100.KS,포스코DX,KOSPI,KOSPI200,https://kr.investing.com/indices/kospi-200-components,KRX finder_stkisu,2026-06-03T11:31:47Z
026960,026960.KS,동서,KOSPI,KOSPI200,https://kr.investing.com/indices/kospi-200-components,KRX finder_stkisu,2026-06-03T11:31:47Z
034230,034230.KS,파라다이스,KOSPI,KOSPI200,https://kr.investing.com/indices/kospi-200-components,KRX finder_stkisu,2026-06-03T11:31:47Z
035720,035720.KS,카카오,KOSPI,KOSPI200,https://kr.investing.com/indices/kospi-200-components,KRX finder_stkisu,2026-06-03T11:31:47Z
066970,066970.KS,엘앤에프,KOSPI,KOSPI200,https://kr.investing.com/indices/kospi-200-components,KRX finder_stkisu,2026-06-03T11:31:47Z
068270,068270.KS,셀트리온,KOSPI,KOSPI200,https://kr.investing.com/indices/kospi-200-components,KRX finder_stkisu,2026-06-03T11:31:47Z
192080,192080.KS,더블유게임즈,KOSPI,KOSPI200,https://kr.investing.com/indices/kospi-200-components,KRX finder_stkisu,2026-06-03T11:31:47Z
207940,207940.KS,삼성바이오로직스,KOSPI,KOSPI200,https://kr.investing.com/indices/kospi-200-components,KRX finder_stkisu,2026-06-03T11:31:47Z
241560,241560.KS,두산밥캣,KOSPI,KOSPI200,https://kr.investing.com/indices/kospi-200-components,KRX finder_stkisu,2026-06-03T11:31:47Z
267250,267250.KS,HD현대,KOSPI,KOSPI200,https://kr.investing.com/indices/kospi-200-components,KRX finder_stkisu,2026-06-03T11:31:47Z
267260,267260.KS,HD현대일렉트릭,KOSPI,KOSPI200,https://kr.investing.com/indices/kospi-200-components,KRX finder_stkisu,2026-06-03T11:31:47Z
251270,251270.KS,넷마블,KOSPI,KOSPI200,https://kr.investing.com/indices/kospi-200-components,KRX finder_stkisu,2026-06-03T11:31:47Z
268280,268280.KS,미원에스씨,KOSPI,KOSPI200,https://kr.investing.com/indices/kospi-200-components,KRX finder_stkisu,2026-06-03T11:31:47Z
271560,271560.KS,오리온,KOSPI,KOSPI200,https://kr.investing.com/indices/kospi-200-components,KRX finder_stkisu,2026-06-03T11:31:47Z
282330,282330.KS,BGF리테일,KOSPI,KOSPI200,https://kr.investing.com/indices/kospi-200-components,KRX finder_stkisu,2026-06-03T11:31:47Z
285130,285130.KS,SK케미칼,KOSPI,KOSPI200,https://kr.investing.com/indices/kospi-200-components,KRX finder_stkisu,2026-06-03T11:31:47Z
298020,298020.KS,효성티앤씨,KOSPI,KOSPI200,https://kr.investing.com/indices/kospi-200-components,KRX finder_stkisu,2026-06-03T11:31:47Z
298040,298040.KS,효성중공업,KOSPI,KOSPI200,https://kr.investing.com/indices/kospi-200-components,KRX finder_stkisu,2026-06-03T11:31:47Z
298050,298050.KS,HS효성첨단소재,KOSPI,KOSPI200,https://kr.investing.com/indices/kospi-200-components,KRX finder_stkisu,2026-06-03T11:31:47Z
280360,280360.KS,롯데웰푸드,KOSPI,KOSPI200,https://kr.investing.com/indices/kospi-200-components,KRX finder_stkisu,2026-06-03T11:31:47Z
307950,307950.KS,현대오토에버,KOSPI,KOSPI200,https://kr.investing.com/indices/kospi-200-components,KRX finder_stkisu,2026-06-03T11:31:47Z
316140,316140.KS,우리금융지주,KOSPI,KOSPI200,https://kr.investing.com/indices/kospi-200-components,KRX finder_stkisu,2026-06-03T11:31:47Z
300720,300720.KS,한일시멘트,KOSPI,KOSPI200,https://kr.investing.com/indices/kospi-200-components,KRX finder_stkisu,2026-06-03T11:31:47Z
272210,272210.KS,한화시스템,KOSPI,KOSPI200,https://kr.investing.com/indices/kospi-200-components,KRX finder_stkisu,2026-06-03T11:31:47Z
326030,326030.KS,SK바이오팜,KOSPI,KOSPI200,https://kr.investing.com/indices/kospi-200-components,KRX finder_stkisu,2026-06-03T11:31:47Z
352820,352820.KS,하이브,KOSPI,KOSPI200,https://kr.investing.com/indices/kospi-200-components,KRX finder_stkisu,2026-06-03T11:31:47Z
375500,375500.KS,DL이앤씨,KOSPI,KOSPI200,https://kr.investing.com/indices/kospi-200-components,KRX finder_stkisu,2026-06-03T11:31:47Z
302440,302440.KS,SK바이오사이언스,KOSPI,KOSPI200,https://kr.investing.com/indices/kospi-200-components,KRX finder_stkisu,2026-06-03T11:31:47Z
361610,361610.KS,SK아이이테크놀로지,KOSPI,KOSPI200,https://kr.investing.com/indices/kospi-200-components,KRX finder_stkisu,2026-06-03T11:31:47Z
137310,137310.KS,에스디바이오센서,KOSPI,KOSPI200,https://kr.investing.com/indices/kospi-200-components,KRX finder_stkisu,2026-06-03T11:31:47Z
383220,383220.KS,F&F,KOSPI,KOSPI200,https://kr.investing.com/indices/kospi-200-components,KRX finder_stkisu,2026-06-03T11:31:47Z
323410,323410.KS,카카오뱅크,KOSPI,KOSPI200,https://kr.investing.com/indices/kospi-200-components,KRX finder_stkisu,2026-06-03T11:31:47Z
259960,259960.KS,크래프톤,KOSPI,KOSPI200,https://kr.investing.com/indices/kospi-200-components,KRX finder_stkisu,2026-06-03T11:31:47Z
329180,329180.KS,HD현대중공업,KOSPI,KOSPI200,https://kr.investing.com/indices/kospi-200-components,KRX finder_stkisu,2026-06-03T11:31:47Z
377300,377300.KS,카카오페이,KOSPI,KOSPI200,https://kr.investing.com/indices/kospi-200-components,KRX finder_stkisu,2026-06-03T11:31:47Z
402340,402340.KS,SK스퀘어,KOSPI,KOSPI200,https://kr.investing.com/indices/kospi-200-components,KRX finder_stkisu,2026-06-03T11:31:47Z
373220,373220.KS,LG에너지솔루션,KOSPI,KOSPI200,https://kr.investing.com/indices/kospi-200-components,KRX finder_stkisu,2026-06-03T11:31:47Z
457190,457190.KS,이수스페셜티케미컬,KOSPI,KOSPI200,https://kr.investing.com/indices/kospi-200-components,KRX finder_stkisu,2026-06-03T11:31:47Z
454910,454910.KS,두산로보틱스,KOSPI,KOSPI200,https://kr.investing.com/indices/kospi-200-components,KRX finder_stkisu,2026-06-03T11:31:47Z
450080,450080.KS,에코프로머티,KOSPI,KOSPI200,https://kr.investing.com/indices/kospi-200-components,KRX finder_stkisu,2026-06-03T11:31:47Z
278470,278470.KS,에이피알,KOSPI,KOSPI200,https://kr.investing.com/indices/kospi-200-components,KRX finder_stkisu,2026-06-03T11:31:47Z
443060,443060.KS,HD현대마린솔루션,KOSPI,KOSPI200,https://kr.investing.com/indices/kospi-200-components,KRX finder_stkisu,2026-06-03T11:31:47Z
062040,062040.KS,산일전기,KOSPI,KOSPI200,https://kr.investing.com/indices/kospi-200-components,KRX finder_stkisu,2026-06-03T11:31:47Z
064400,064400.KS,LG씨엔에스,KOSPI,KOSPI200,https://kr.investing.com/indices/kospi-200-components,KRX finder_stkisu,2026-06-03T11:31:47Z
0126Z0,0126Z0.KS,삼성에피스홀딩스,KOSPI,KOSPI200,https://kr.investing.com/indices/kospi-200-components,KRX finder_stkisu,2026-06-03T11:31:47Z
